market,region,sub_zone,fiscal_year,total_net_sales,ads_promotions_pct,other_operational_expense_pct
EMEA,EMEA,Lebanon,2011,180.6528225000,0.035,0.050
EMEA,EMEA,Turkey,2011,2559.4523280200,0.035,0.050
EU,Central,France,2011,14393.5092553100,0.040,0.055
EU,North,"United Kingdom",2011,8514.4819498250,0.035,0.050
LATAM,Central,Nicaragua,2011,8656.9436071000,0.035,0.050
LATAM,South,Brazil,2011,4476.1491612300,0.035,0.050
US,West,"United States",2011,13548.0491592050,0.040,0.055
LATAM,North,Mexico,2011,12409.8380633000,0.040,0.055
LATAM,Central,"El Salvador",2011,6822.2608513250,0.035,0.050
US,East,"United States",2011,5923.8170658350,0.035,0.050
EU,South,Italy,2011,4770.7593009950,0.035,0.050
EU,Central,Germany,2011,13837.7636788550,0.040,0.055
US,Central,"United States",2011,7744.7644939000,0.035,0.050
Africa,Africa,Angola,2011,3301.4071290000,0.035,0.050
APAC,Oceania,"New Zealand",2011,8187.7796561100,0.035,0.050
US,South,"United States",2011,40172.2714594800,0.045,0.060
LATAM,South,Colombia,2011,294.6715680000,0.035,0.050
LATAM,Caribbean,"Dominican Republic",2011,1161.3600171650,0.035,0.050
APAC,"Southeast Asia",Indonesia,2011,5807.8911833050,0.035,0.050
APAC,Oceania,Australia,2011,14488.0627386350,0.040,0.055
LATAM,Caribbean,Cuba,2011,3880.1046877750,0.035,0.050
Africa,Africa,Egypt,2011,3205.6763400000,0.035,0.050
Africa,Africa,Morocco,2011,2903.5293030000,0.035,0.050
APAC,"Southeast Asia",Philippines,2011,9333.5245632050,0.035,0.050
APAC,"North Asia",Taiwan,2011,42.8727420000,0.035,0.050
APAC,"Central Asia",India,2011,7790.7114075000,0.035,0.050
Africa,Africa,Nigeria,2011,1355.1827790900,0.035,0.050
EMEA,EMEA,Estonia,2011,1807.8775665000,0.035,0.050
EMEA,EMEA,Hungary,2011,1452.9013695000,0.035,0.050
EMEA,EMEA,Iraq,2011,863.6106195000,0.035,0.050
EMEA,EMEA,Iran,2011,4785.4649490000,0.035,0.050
EMEA,EMEA,Mongolia,2011,1477.3680600000,0.035,0.050
EU,South,Spain,2011,4579.1190077900,0.035,0.050
LATAM,South,Venezuela,2011,770.5822151250,0.035,0.050
Africa,Africa,"South Africa",2011,3982.7170260000,0.035,0.050
EU,Central,Netherlands,2011,3034.4908629800,0.035,0.050
APAC,"Southeast Asia",Thailand,2011,818.0852987450,0.035,0.050
EU,Central,Austria,2011,1176.2793480000,0.035,0.050
EU,North,Sweden,2011,180.3716472200,0.035,0.050
Africa,Africa,Sudan,2011,18.2028900000,0.035,0.050
Africa,Africa,Madagascar,2011,35.5377600000,0.035,0.050
APAC,"Southeast Asia",Singapore,2011,428.3133270000,0.035,0.050
EU,North,Norway,2011,293.0554140000,0.035,0.050
APAC,"North Asia",China,2011,16355.1698613000,0.040,0.055
LATAM,Central,Guatemala,2011,2522.4609455000,0.035,0.050
APAC,"Southeast Asia",Vietnam,2011,3013.7350752550,0.035,0.050
EU,North,Denmark,2011,36.4432240000,0.035,0.050
EU,Central,Belgium,2011,3253.5273600000,0.035,0.050
Africa,Africa,Zambia,2011,413.9626950000,0.035,0.050
EMEA,EMEA,"Saudi Arabia",2011,1110.0864840000,0.035,0.050
Africa,Africa,Mozambique,2011,1028.9586750000,0.035,0.050
EMEA,EMEA,"Czech Republic",2011,208.2683100000,0.035,0.050
Africa,Africa,Tanzania,2011,749.2420607000,0.035,0.050
Africa,Africa,Benin,2011,37.3759200000,0.035,0.050
Africa,Africa,Algeria,2011,2136.7218270000,0.035,0.050
Africa,Africa,"Sierra Leone",2011,258.4573800000,0.035,0.050
Africa,Africa,"Central African Republic",2011,67.0249140000,0.035,0.050
APAC,"North Asia",Japan,2011,9534.3657120000,0.035,0.050
EMEA,EMEA,Russia,2011,3753.5376540000,0.035,0.050
Africa,Africa,Kenya,2011,83.5833900000,0.035,0.050
Canada,Canada,Canada,2011,2170.7370105000,0.035,0.050
APAC,"Southeast Asia",Malaysia,2011,678.7909470000,0.035,0.050
EU,South,Portugal,2011,519.9955088250,0.035,0.050
APAC,"Southeast Asia","Myanmar (Burma)",2011,337.1454078500,0.035,0.050
Africa,Africa,Zimbabwe,2011,571.3863847300,0.035,0.050
EU,Central,Switzerland,2011,1381.8880740000,0.035,0.050
APAC,"North Asia","Hong Kong",2011,449.9559960000,0.035,0.050
APAC,"Central Asia",Pakistan,2011,267.0251128600,0.035,0.050
Africa,Africa,"Democratic Republic of the Congo",2011,1280.6120670000,0.035,0.050
APAC,"North Asia","South Korea",2011,2310.6534344000,0.035,0.050
EMEA,EMEA,Moldova,2011,508.1132235000,0.035,0.050
LATAM,Central,Panama,2011,960.7653045500,0.035,0.050
Africa,Africa,Senegal,2011,137.3570280000,0.035,0.050
EMEA,EMEA,Poland,2011,766.0143000000,0.035,0.050
APAC,"Central Asia",Bangladesh,2011,2094.6433185000,0.035,0.050
Africa,Africa,Uganda,2011,2.9480342000,0.035,0.050
Africa,Africa,Niger,2011,215.5626000000,0.035,0.050
LATAM,South,Chile,2011,44.1735140000,0.035,0.050
EMEA,EMEA,Azerbaijan,2011,43.3473480000,0.035,0.050
EU,North,Ireland,2011,168.6390856500,0.035,0.050
LATAM,Central,Honduras,2011,1712.0875462500,0.035,0.050
LATAM,South,Peru,2011,319.1703027550,0.035,0.050
LATAM,Caribbean,Haiti,2011,252.2560681100,0.035,0.050
EMEA,EMEA,Romania,2011,1000.6677450000,0.035,0.050
EMEA,EMEA,Ukraine,2011,4097.5660365000,0.035,0.050
EMEA,EMEA,Georgia,2011,166.9956300000,0.035,0.050
APAC,"Southeast Asia",Cambodia,2011,2167.0201815000,0.035,0.050
EMEA,EMEA,Lithuania,2011,82.1001254200,0.035,0.050
EMEA,EMEA,Israel,2011,72.6473850000,0.035,0.050
EMEA,EMEA,Austria,2011,489.5411700000,0.035,0.050
EU,North,Finland,2011,176.5871400000,0.035,0.050
Africa,Africa,Somalia,2011,49.6226940000,0.035,0.050
LATAM,South,Argentina,2011,27.6576702000,0.035,0.050
Africa,Africa,Cameroon,2011,29.5637400000,0.035,0.050
Africa,Africa,"Cote d'Ivoire",2011,243.4333200000,0.035,0.050
EMEA,EMEA,Albania,2011,1468.9284750000,0.035,0.050
Africa,Africa,Liberia,2012,1010.5630185000,0.035,0.050
US,West,"United States",2012,141319.2943492300,0.055,0.070
LATAM,North,Mexico,2012,100546.0783640350,0.055,0.070
LATAM,Caribbean,"Dominican Republic",2012,25905.1741973250,0.045,0.060
LATAM,Central,Honduras,2012,13821.2790007150,0.040,0.055
APAC,"North Asia",China,2012,153854.2815131650,0.055,0.070
LATAM,South,Brazil,2012,56033.9250668450,0.050,0.065
APAC,"North Asia","South Korea",2012,9816.9805312700,0.035,0.050
EU,South,Spain,2012,40798.3757969000,0.045,0.060
LATAM,Central,Nicaragua,2012,27712.1522291000,0.045,0.060
APAC,"Central Asia",Pakistan,2012,6288.6245017750,0.035,0.050
LATAM,Caribbean,Haiti,2012,1640.9412568150,0.035,0.050
US,South,"United States",2012,68723.7368913300,0.050,0.065
APAC,"Southeast Asia",Indonesia,2012,64741.2310809200,0.050,0.065
EU,Central,France,2012,125943.9944496600,0.055,0.070
LATAM,South,Colombia,2012,10264.4235042250,0.040,0.055
US,Central,"United States",2012,96826.0006062950,0.050,0.065
APAC,Oceania,Australia,2012,137764.8726553500,0.055,0.070
APAC,Oceania,"New Zealand",2012,29741.6379314300,0.045,0.060
US,East,"United States",2012,125894.4286646500,0.055,0.070
EU,South,Italy,2012,40236.5500933100,0.045,0.060
APAC,"Central Asia",India,2012,102840.2731130350,0.055,0.070
LATAM,Caribbean,Cuba,2012,18926.5291262250,0.040,0.055
LATAM,South,Peru,2012,3799.8005538700,0.035,0.050
Africa,Africa,Egypt,2012,10094.9193480000,0.040,0.055
Africa,Africa,Morocco,2012,11835.4329795000,0.040,0.055
Canada,Canada,Canada,2012,5947.9265685000,0.035,0.050
EMEA,EMEA,Kazakhstan,2012,1509.0208663100,0.035,0.050
Africa,Africa,Mozambique,2012,2106.7955070000,0.035,0.050
Africa,Africa,Nigeria,2012,9162.0047561500,0.035,0.050
EMEA,EMEA,Israel,2012,2201.9736540000,0.035,0.050
EMEA,EMEA,Ukraine,2012,15028.4933805000,0.040,0.055
EU,Central,Germany,2012,103675.5230293150,0.055,0.070
APAC,"Southeast Asia",Philippines,2012,26435.7811111650,0.045,0.060
EU,North,"United Kingdom",2012,92882.9072888350,0.050,0.065
LATAM,Central,Guatemala,2012,19829.8495895500,0.040,0.055
Africa,Africa,Algeria,2012,6290.5761915000,0.035,0.050
EMEA,EMEA,Turkey,2012,20959.6373945350,0.045,0.060
EMEA,EMEA,Turkmenistan,2012,578.3410348500,0.035,0.050
Africa,Africa,"Democratic Republic of the Congo",2012,11415.2735565000,0.040,0.055
EMEA,EMEA,Austria,2012,1081.1701335000,0.035,0.050
EMEA,EMEA,Russia,2012,17131.8411555000,0.040,0.055
LATAM,Central,Panama,2012,6958.9918103600,0.035,0.050
LATAM,Central,"El Salvador",2012,30968.4302828750,0.045,0.060
EU,Central,Switzerland,2012,1544.1338625000,0.035,0.050
APAC,"Central Asia",Bangladesh,2012,18617.1338925000,0.040,0.055
EU,Central,Netherlands,2012,17838.9256189550,0.040,0.055
EU,South,Portugal,2012,2462.9168287050,0.035,0.050
APAC,"Central Asia",Afghanistan,2012,1557.6317985000,0.035,0.050
EU,Central,Belgium,2012,8853.5738805000,0.035,0.050
EMEA,EMEA,Iran,2012,9438.4096410000,0.035,0.050
Africa,Africa,Cameroon,2012,4733.6752830000,0.035,0.050
Africa,Africa,Niger,2012,1010.3803725000,0.035,0.050
Africa,Africa,Lesotho,2012,2632.2960090000,0.035,0.050
EMEA,EMEA,Romania,2012,7471.0815705000,0.035,0.050
Africa,Africa,Senegal,2012,3323.8797390000,0.035,0.050
EMEA,EMEA,Lithuania,2012,742.4620608200,0.035,0.050
EMEA,EMEA,Poland,2012,6034.4195895000,0.035,0.050
Africa,Africa,Guinea,2012,719.1680025000,0.035,0.050
APAC,"Southeast Asia",Vietnam,2012,11129.1114945600,0.040,0.055
Africa,Africa,Benin,2012,2366.6197740000,0.035,0.050
LATAM,South,Argentina,2012,8206.5374219300,0.035,0.050
EMEA,EMEA,Iraq,2012,12160.0268400000,0.040,0.055
EU,North,Sweden,2012,5092.2245366900,0.035,0.050
EU,North,Ireland,2012,4221.2001174000,0.035,0.050
Africa,Africa,"South Sudan",2012,605.4260700000,0.035,0.050
LATAM,South,Venezuela,2012,6043.4758123350,0.035,0.050
APAC,"Southeast Asia",Malaysia,2012,12529.9389780000,0.040,0.055
APAC,"Southeast Asia",Thailand,2012,11274.0532915550,0.040,0.055
EU,Central,Austria,2012,22802.7902145000,0.045,0.060
APAC,"Southeast Asia","Myanmar (Burma)",2012,3494.0363322800,0.035,0.050
EMEA,EMEA,Croatia,2012,21.5217900000,0.035,0.050
Africa,Africa,Burundi,2012,44.5602300000,0.035,0.050
EMEA,EMEA,Bulgaria,2012,2730.7400505000,0.035,0.050
Africa,Africa,Tanzania,2012,3155.8531005900,0.035,0.050
APAC,"North Asia",Taiwan,2012,6130.2419610000,0.035,0.050
Africa,Africa,Rwanda,2012,1152.8321295000,0.035,0.050
LATAM,Caribbean,Martinique,2012,158.4949900000,0.035,0.050
Africa,Africa,"South Africa",2012,8892.9431025000,0.035,0.050
Africa,Africa,Sudan,2012,1923.9902850000,0.035,0.050
Africa,Africa,Zimbabwe,2012,665.0189416000,0.035,0.050
EMEA,EMEA,Qatar,2012,1124.3767020000,0.035,0.050
APAC,"North Asia",Japan,2012,7513.4823735000,0.035,0.050
APAC,"Southeast Asia",Singapore,2012,7926.9187665000,0.035,0.050
Africa,Africa,Madagascar,2012,371.6015580000,0.035,0.050
Africa,Africa,Ghana,2012,1439.4795270000,0.035,0.050
EMEA,EMEA,"Saudi Arabia",2012,17269.8673740000,0.040,0.055
LATAM,South,Ecuador,2012,1081.5490780000,0.035,0.050
EU,North,Denmark,2012,1102.7221982700,0.035,0.050
Africa,Africa,Angola,2012,2636.9007960000,0.035,0.050
EMEA,EMEA,Azerbaijan,2012,673.4062455000,0.035,0.050
Africa,Africa,Somalia,2012,690.6006405000,0.035,0.050
EMEA,EMEA,Mongolia,2012,703.4959080000,0.035,0.050
LATAM,South,Chile,2012,3360.8511110000,0.035,0.050
EMEA,EMEA,"Czech Republic",2012,1235.8995240000,0.035,0.050
Africa,Africa,Uganda,2012,322.2036109700,0.035,0.050
Africa,Africa,Ethiopia,2012,386.6859240000,0.035,0.050
LATAM,South,Paraguay,2012,53.2261840000,0.035,0.050
EMEA,EMEA,Syria,2012,72.1474947600,0.035,0.050
Africa,Africa,Kenya,2012,3838.0611165000,0.035,0.050
EMEA,EMEA,Tajikistan,2012,2.5881463000,0.035,0.050
Africa,Africa,Zambia,2012,4455.0983385000,0.035,0.050
EU,North,Finland,2012,3844.2721365000,0.035,0.050
APAC,"North Asia","Hong Kong",2012,130.7803200000,0.035,0.050
EMEA,EMEA,Lebanon,2012,464.7584640000,0.035,0.050
EMEA,EMEA,Belarus,2012,480.6264270000,0.035,0.050
EMEA,EMEA,Slovakia,2012,629.0679195000,0.035,0.050
Africa,Africa,"Cote d'Ivoire",2012,7239.6078945000,0.035,0.050
APAC,Oceania,"Papua New Guinea",2012,45.8972126800,0.035,0.050
Africa,Africa,Djibouti,2012,378.3937350000,0.035,0.050
Africa,Africa,Togo,2012,118.8817080000,0.035,0.050
Africa,Africa,Libya,2012,201.7661700000,0.035,0.050
EU,North,Norway,2012,2191.1985885000,0.035,0.050
EMEA,EMEA,Yemen,2012,75.0987076000,0.035,0.050
LATAM,Caribbean,Barbados,2012,1280.2300955500,0.035,0.050
EMEA,EMEA,Uzbekistan,2012,355.9881330000,0.035,0.050
EMEA,EMEA,Georgia,2012,132.2134320000,0.035,0.050
EMEA,EMEA,"United Arab Emirates",2012,142.5714666200,0.035,0.050
EMEA,EMEA,Hungary,2012,118.4125740000,0.035,0.050
LATAM,South,Bolivia,2012,2515.2579150000,0.035,0.050
LATAM,Caribbean,Jamaica,2012,2733.4719332250,0.035,0.050
Africa,Africa,"Republic of the Congo",2012,2121.0190200000,0.035,0.050
LATAM,South,Uruguay,2012,53.8589920000,0.035,0.050
Africa,Africa,Swaziland,2012,185.4056100000,0.035,0.050
EMEA,EMEA,Albania,2012,75.2624400000,0.035,0.050
EMEA,EMEA,Kyrgyzstan,2012,29.3084400000,0.035,0.050
EMEA,EMEA,Jordan,2012,1439.4664245000,0.035,0.050
EMEA,EMEA,Armenia,2012,118.5854400000,0.035,0.050
EMEA,EMEA,"Bosnia and Herzegovina",2012,359.8426440000,0.035,0.050
APAC,"Southeast Asia",Cambodia,2012,123.6449850000,0.035,0.050
Africa,Africa,Guinea-Bissau,2012,63.0523080000,0.035,0.050
Africa,Africa,Tunisia,2012,489.6168120000,0.035,0.050
EMEA,EMEA,Moldova,2012,438.9367140000,0.035,0.050
Africa,Africa,Mali,2012,48.6471150000,0.035,0.050
Africa,Africa,"Central African Republic",2012,995.6571720000,0.035,0.050
EMEA,EMEA,Yemen,2013,1575.6569001900,0.035,0.050
EU,Central,Netherlands,2013,14696.6200376400,0.040,0.055
LATAM,Central,"El Salvador",2013,31381.8994707250,0.045,0.060
LATAM,North,Mexico,2013,151160.0320770050,0.055,0.070
APAC,"Southeast Asia",Philippines,2013,34352.7786266200,0.045,0.060
APAC,"Central Asia",Pakistan,2013,9315.4695884000,0.035,0.050
US,South,"United States",2013,71188.9154415000,0.050,0.065
APAC,"North Asia",Japan,2013,20525.9933291450,0.045,0.060
APAC,Oceania,Australia,2013,201747.0085826700,0.060,0.075
EU,North,"United Kingdom",2013,121573.4331683400,0.055,0.070
EU,South,Spain,2013,62623.4019857250,0.050,0.065
LATAM,Central,Nicaragua,2013,23721.9626260000,0.045,0.060
LATAM,Caribbean,"Dominican Republic",2013,26034.8831120900,0.045,0.060
APAC,"Central Asia",India,2013,118663.0219595350,0.055,0.070
EU,Central,Austria,2013,10327.8091155000,0.040,0.055
US,East,"United States",2013,147588.5341104150,0.055,0.070
LATAM,Central,Honduras,2013,14901.1263067200,0.040,0.055
Africa,Africa,"South Africa",2013,17565.7018635000,0.040,0.055
APAC,"Southeast Asia",Indonesia,2013,86396.9352802000,0.050,0.065
US,Central,"United States",2013,100622.5463070850,0.055,0.070
LATAM,Central,Guatemala,2013,26814.9893496200,0.045,0.060
LATAM,Caribbean,Cuba,2013,28269.8527584250,0.045,0.060
APAC,Oceania,"New Zealand",2013,41487.9027650700,0.045,0.060
EU,Central,Germany,2013,144932.2354260750,0.055,0.070
LATAM,South,Uruguay,2013,1032.5550500000,0.035,0.050
US,West,"United States",2013,127129.1077859700,0.055,0.070
APAC,"Southeast Asia",Malaysia,2013,10266.2653305000,0.040,0.055
EU,Central,France,2013,179810.4239521650,0.055,0.070
LATAM,Central,Panama,2013,11676.9606139000,0.040,0.055
EMEA,EMEA,Albania,2013,855.1727760000,0.035,0.050
EMEA,EMEA,Austria,2013,3663.8923665000,0.035,0.050
EMEA,EMEA,Turkey,2013,18577.1950709100,0.040,0.055
LATAM,South,Brazil,2013,92708.4294796250,0.050,0.065
APAC,"North Asia",China,2013,109278.6137837800,0.055,0.070
APAC,"Southeast Asia",Vietnam,2013,14426.2086589300,0.040,0.055
LATAM,South,Argentina,2013,8027.4873882100,0.035,0.050
EMEA,EMEA,Iran,2013,22513.2076815000,0.045,0.060
Africa,Africa,Nigeria,2013,12272.3515511500,0.040,0.055
APAC,"Central Asia",Afghanistan,2013,8755.2037665000,0.035,0.050
EMEA,EMEA,Kyrgyzstan,2013,2534.7618735000,0.035,0.050
Canada,Canada,Canada,2013,16531.6807545000,0.040,0.055
EMEA,EMEA,Romania,2013,8758.1657505000,0.035,0.050
Africa,Africa,Egypt,2013,22028.5880085000,0.045,0.060
EMEA,EMEA,Russia,2013,6469.3810395000,0.035,0.050
EU,South,Italy,2013,54425.3928861300,0.050,0.065
APAC,"Central Asia",Bangladesh,2013,15867.7668150000,0.040,0.055
EU,North,Denmark,2013,853.6411538950,0.035,0.050
EMEA,EMEA,Hungary,2013,877.2675210000,0.035,0.050
Africa,Africa,Zimbabwe,2013,533.0398975900,0.035,0.050
EMEA,EMEA,Iraq,2013,14637.3597420000,0.040,0.055
EMEA,EMEA,Poland,2013,9131.7330615000,0.035,0.050
Africa,Africa,Mozambique,2013,2734.3120875000,0.035,0.050
Africa,Africa,Zambia,2013,8650.6564125000,0.035,0.050
EU,Central,Switzerland,2013,4663.3970055000,0.035,0.050
EU,North,Finland,2013,10041.5216145000,0.040,0.055
APAC,"North Asia","South Korea",2013,5182.3573449350,0.035,0.050
EU,Central,Belgium,2013,10420.9669335000,0.040,0.055
APAC,"Southeast Asia",Cambodia,2013,1371.1563315000,0.035,0.050
LATAM,Caribbean,Barbados,2013,1807.4355578250,0.035,0.050
APAC,"Southeast Asia",Thailand,2013,16409.0281523950,0.040,0.055
LATAM,South,Venezuela,2013,4381.6540150750,0.035,0.050
EMEA,EMEA,Ukraine,2013,10310.6467590000,0.040,0.055
Africa,Africa,Somalia,2013,353.9896740000,0.035,0.050
EU,North,Sweden,2013,4441.6709351750,0.035,0.050
LATAM,South,Peru,2013,4294.9536876650,0.035,0.050
LATAM,South,Colombia,2013,13899.9094340000,0.040,0.055
Africa,Africa,Morocco,2013,14039.6648025000,0.040,0.055
Africa,Africa,Benin,2013,120.4575540000,0.035,0.050
LATAM,Caribbean,"Trinidad and Tobago",2013,3177.7917564000,0.035,0.050
Africa,Africa,Algeria,2013,8132.7049245000,0.035,0.050
EMEA,EMEA,Estonia,2013,1729.9338900000,0.035,0.050
APAC,"Southeast Asia",Singapore,2013,13142.8177335000,0.040,0.055
Africa,Africa,Uganda,2013,424.7855756400,0.035,0.050
EMEA,EMEA,"Saudi Arabia",2013,14948.2871070000,0.040,0.055
Africa,Africa,Libya,2013,1401.3930150000,0.035,0.050
Africa,Africa,"Democratic Republic of the Congo",2013,29105.6759055000,0.045,0.060
LATAM,South,Ecuador,2013,3343.7113976000,0.035,0.050
LATAM,South,Chile,2013,7952.9471661500,0.035,0.050
LATAM,Caribbean,Haiti,2013,382.4202236300,0.035,0.050
LATAM,Caribbean,Martinique,2013,1183.8220520000,0.035,0.050
EMEA,EMEA,Georgia,2013,3068.2479885000,0.035,0.050
Africa,Africa,Namibia,2013,453.2497860000,0.035,0.050
EMEA,EMEA,Lithuania,2013,1742.7840639600,0.035,0.050
Africa,Africa,Cameroon,2013,7414.5500625000,0.035,0.050
EMEA,EMEA,Croatia,2013,1350.5769810000,0.035,0.050
Africa,Africa,Mali,2013,2131.7086095000,0.035,0.050
Africa,Africa,Tanzania,2013,3225.5663101950,0.035,0.050
Africa,Africa,Rwanda,2013,1687.6509000000,0.035,0.050
APAC,"Southeast Asia","Myanmar (Burma)",2013,4800.2395040400,0.035,0.050
LATAM,South,Bolivia,2013,2329.1945954000,0.035,0.050
EU,South,Portugal,2013,3136.1566654250,0.035,0.050
Africa,Africa,Angola,2013,2783.0472420000,0.035,0.050
LATAM,Caribbean,Jamaica,2013,111.0929600000,0.035,0.050
Africa,Africa,"Cote d'Ivoire",2013,2294.8416135000,0.035,0.050
APAC,Oceania,"Papua New Guinea",2013,147.4107503500,0.035,0.050
Africa,Africa,Madagascar,2013,1630.6603500000,0.035,0.050
EMEA,EMEA,Lebanon,2013,1180.0547850000,0.035,0.050
EMEA,EMEA,Bulgaria,2013,3328.0963845000,0.035,0.050
Africa,Africa,Senegal,2013,2027.4008295000,0.035,0.050
EMEA,EMEA,Israel,2013,3405.3156360000,0.035,0.050
Africa,Africa,Gabon,2013,1233.0126960000,0.035,0.050
EMEA,EMEA,Belarus,2013,2780.1155925000,0.035,0.050
EMEA,EMEA,Slovakia,2013,51.1621200000,0.035,0.050
EMEA,EMEA,Kazakhstan,2013,338.6464563400,0.035,0.050
Africa,Africa,Kenya,2013,4633.6549755000,0.035,0.050
EMEA,EMEA,Syria,2013,2648.6543211400,0.035,0.050
EU,North,Norway,2013,879.0542115000,0.035,0.050
Africa,Africa,Togo,2013,459.9550140000,0.035,0.050
EU,North,Ireland,2013,1598.3957466850,0.035,0.050
Africa,Africa,Guinea,2013,865.4016480000,0.035,0.050
Africa,Africa,Niger,2013,666.0285855000,0.035,0.050
Africa,Africa,Ghana,2013,7081.6737195000,0.035,0.050
EMEA,EMEA,Mongolia,2013,1792.3044090000,0.035,0.050
EMEA,EMEA,"Czech Republic",2013,610.8896160000,0.035,0.050
EMEA,EMEA,Macedonia,2013,9.3439800000,0.035,0.050
EMEA,EMEA,"Bosnia and Herzegovina",2013,847.3468050000,0.035,0.050
EMEA,EMEA,Uzbekistan,2013,231.2627925000,0.035,0.050
Africa,Africa,"Sierra Leone",2013,1504.3686840000,0.035,0.050
EMEA,EMEA,Azerbaijan,2013,2673.8161500000,0.035,0.050
EMEA,EMEA,Moldova,2013,1576.7773050000,0.035,0.050
APAC,"Central Asia",Nepal,2013,914.0593110000,0.035,0.050
Africa,Africa,Mauritania,2013,14.0415000000,0.035,0.050
EMEA,EMEA,Turkmenistan,2013,438.7652291100,0.035,0.050
Africa,Africa,Burundi,2013,196.8913950000,0.035,0.050
Africa,Africa,Sudan,2013,1015.0820460000,0.035,0.050
LATAM,South,Paraguay,2013,16.3732400000,0.035,0.050
LATAM,Caribbean,Guadeloupe,2013,926.6888190000,0.035,0.050
EMEA,EMEA,Jordan,2013,1129.9685130000,0.035,0.050
Africa,Africa,Liberia,2013,9.1397400000,0.035,0.050
APAC,"Central Asia","Sri Lanka",2013,83.7415920000,0.035,0.050
APAC,"North Asia","Hong Kong",2013,1498.0931235000,0.035,0.050
Africa,Africa,Chad,2013,1193.2875300000,0.035,0.050
Africa,Africa,Tunisia,2013,25.1981100000,0.035,0.050
APAC,"North Asia",Mongolia,2013,34.4080575000,0.035,0.050
EMEA,EMEA,Iran,2014,36643.6430235000,0.045,0.060
APAC,"Southeast Asia",Cambodia,2014,4777.0165695000,0.035,0.050
LATAM,Caribbean,"Dominican Republic",2014,29791.2293993500,0.045,0.060
LATAM,South,Brazil,2014,71523.2242117700,0.050,0.065
EU,South,Italy,2014,81067.3790421850,0.050,0.065
LATAM,South,Colombia,2014,26873.9875128500,0.045,0.060
LATAM,North,Mexico,2014,146053.7490067950,0.055,0.070
APAC,"Central Asia",India,2014,144650.2547979000,0.055,0.070
US,South,"United States",2014,71762.0370172250,0.050,0.065
US,West,"United States",2014,193425.1904895100,0.055,0.070
US,East,"United States",2014,157025.4590326700,0.055,0.070
APAC,"Southeast Asia",Philippines,2014,45513.1281404000,0.045,0.060
APAC,Oceania,"New Zealand",2014,37370.2115864600,0.045,0.060
EU,South,Spain,2014,74536.0275103600,0.050,0.065
LATAM,South,Peru,2014,3862.9923268650,0.035,0.050
EU,Central,France,2014,232446.3716323200,0.060,0.075
LATAM,Central,Guatemala,2014,33592.8361647750,0.045,0.060
LATAM,Central,Honduras,2014,29525.2899719600,0.045,0.060
EU,Central,Germany,2014,134719.9549432100,0.055,0.070
Africa,Africa,Mozambique,2014,7832.2045740000,0.035,0.050
EMEA,EMEA,Iraq,2014,20965.0121505000,0.045,0.060
APAC,"Southeast Asia",Singapore,2014,11789.4979785000,0.040,0.055
APAC,"Southeast Asia",Indonesia,2014,93344.2185083100,0.050,0.065
APAC,Oceania,Australia,2014,246698.1116497900,0.060,0.075
LATAM,Central,Nicaragua,2014,35975.5117147250,0.045,0.060
US,Central,"United States",2014,151425.6911765800,0.055,0.070
LATAM,South,Argentina,2014,15202.9292250150,0.040,0.055
LATAM,Central,"El Salvador",2014,46080.8125489750,0.045,0.060
APAC,"North Asia",China,2014,196609.2484034350,0.055,0.070
LATAM,Caribbean,"Trinidad and Tobago",2014,1115.1107569750,0.035,0.050
LATAM,Caribbean,Cuba,2014,50151.7501210000,0.050,0.065
Africa,Africa,Zambia,2014,6396.9469680000,0.035,0.050
Africa,Africa,Sudan,2014,3280.1757060000,0.035,0.050
EMEA,EMEA,"Saudi Arabia",2014,14228.2789785000,0.040,0.055
EMEA,EMEA,Estonia,2014,334.8841200000,0.035,0.050
EU,Central,Austria,2014,19396.6292880000,0.040,0.055
LATAM,Central,Panama,2014,11217.4075922950,0.040,0.055
Africa,Africa,"South Africa",2014,29745.9988005000,0.045,0.060
Africa,Africa,Nigeria,2014,15469.5765853300,0.040,0.055
Africa,Africa,Somalia,2014,1631.7558930000,0.035,0.050
EMEA,EMEA,Jordan,2014,680.0195520000,0.035,0.050
Africa,Africa,Senegal,2014,10671.5371920000,0.040,0.055
APAC,"Central Asia",Pakistan,2014,22141.5961116450,0.045,0.060
EU,Central,Netherlands,2014,16111.1788881450,0.040,0.055
EMEA,EMEA,Israel,2014,10565.7815445000,0.040,0.055
EMEA,EMEA,Ukraine,2014,26936.9638605000,0.045,0.060
EMEA,EMEA,Russia,2014,24698.2796655000,0.045,0.060
EU,North,"United Kingdom",2014,108408.6219417750,0.055,0.070
EU,North,Finland,2014,3641.5093710000,0.035,0.050
Africa,Africa,"Democratic Republic of the Congo",2014,16387.2357015000,0.040,0.055
Africa,Africa,Tanzania,2014,6264.3924362900,0.035,0.050
EU,Central,Belgium,2014,6957.7171305000,0.035,0.050
EU,North,Sweden,2014,7148.1529276950,0.035,0.050
LATAM,South,Chile,2014,14416.8100497750,0.040,0.055
EU,North,Ireland,2014,3973.2228260350,0.035,0.050
Africa,Africa,Kenya,2014,2693.3287215000,0.035,0.050
EMEA,EMEA,Georgia,2014,190.1463390000,0.035,0.050
EMEA,EMEA,Poland,2014,11225.7632265000,0.040,0.055
EMEA,EMEA,Mongolia,2014,1035.9466800000,0.035,0.050
Africa,Africa,Zimbabwe,2014,308.5418263300,0.035,0.050
EMEA,EMEA,Kyrgyzstan,2014,936.6304230000,0.035,0.050
Africa,Africa,Mali,2014,3961.2698730000,0.035,0.050
Canada,Canada,Canada,2014,19758.7629840000,0.040,0.055
EMEA,EMEA,Turkey,2014,30815.9021832650,0.045,0.060
EMEA,EMEA,"Czech Republic",2014,3584.1240300000,0.035,0.050
EMEA,EMEA,Armenia,2014,17.4369900000,0.035,0.050
Africa,Africa,"Cote d'Ivoire",2014,4097.5254030000,0.035,0.050
APAC,"Southeast Asia",Thailand,2014,21728.4569306800,0.045,0.060
Africa,Africa,Morocco,2014,20224.7606550000,0.045,0.060
Africa,Africa,Ghana,2014,4047.2540565000,0.035,0.050
Africa,Africa,Algeria,2014,7740.2108865000,0.035,0.050
EU,North,Norway,2014,4319.5291275000,0.035,0.050
EMEA,EMEA,Bulgaria,2014,4482.4526580000,0.035,0.050
LATAM,South,Bolivia,2014,3856.8451250000,0.035,0.050
LATAM,Caribbean,Haiti,2014,4408.7036521400,0.035,0.050
Africa,Africa,"Central African Republic",2014,19.9644600000,0.035,0.050
Africa,Africa,Libya,2014,3985.8514260000,0.035,0.050
Africa,Africa,Egypt,2014,17671.0342245000,0.040,0.055
LATAM,South,Uruguay,2014,244.1777180000,0.035,0.050
EMEA,EMEA,Albania,2014,1114.6775265000,0.035,0.050
EMEA,EMEA,Austria,2014,941.1589320000,0.035,0.050
APAC,"Southeast Asia",Vietnam,2014,20270.2427192050,0.045,0.060
APAC,"North Asia","South Korea",2014,4435.6721689850,0.035,0.050
APAC,"Southeast Asia",Malaysia,2014,12884.8442025000,0.040,0.055
EU,Central,Switzerland,2014,8276.5447755000,0.035,0.050
EU,North,Denmark,2014,4308.5158113450,0.035,0.050
Africa,Africa,Djibouti,2014,1783.4663730000,0.035,0.050
LATAM,South,Venezuela,2014,4010.2785384700,0.035,0.050
Africa,Africa,Madagascar,2014,6252.2772780000,0.035,0.050
APAC,"Central Asia",Bangladesh,2014,22484.5613730000,0.045,0.060
Africa,Africa,Angola,2014,7672.4507415000,0.035,0.050
EMEA,EMEA,Syria,2014,513.6096540600,0.035,0.050
APAC,"North Asia",Japan,2014,26989.5512000900,0.045,0.060
EMEA,EMEA,Lithuania,2014,2345.3775330100,0.035,0.050
EMEA,EMEA,Turkmenistan,2014,462.9173668100,0.035,0.050
EMEA,EMEA,Hungary,2014,2963.5470660000,0.035,0.050
Africa,Africa,Togo,2014,1252.0235610000,0.035,0.050
Africa,Africa,Cameroon,2014,4097.3620980000,0.035,0.050
EMEA,EMEA,Lebanon,2014,232.7640600000,0.035,0.050
EMEA,EMEA,Kazakhstan,2014,723.7191938300,0.035,0.050
APAC,"Southeast Asia","Myanmar (Burma)",2014,11517.8522825450,0.040,0.055
EMEA,EMEA,Romania,2014,7389.4860555000,0.035,0.050
EU,South,Portugal,2014,5920.2071015700,0.035,0.050
APAC,"North Asia","Hong Kong",2014,1415.3260650000,0.035,0.050
APAC,Oceania,"Papua New Guinea",2014,2312.7970511750,0.035,0.050
EMEA,EMEA,Macedonia,2014,46.4586540000,0.035,0.050
EMEA,EMEA,"Bosnia and Herzegovina",2014,830.6851185000,0.035,0.050
Africa,Africa,Guinea,2014,830.2494945000,0.035,0.050
Africa,Africa,Eritrea,2014,169.3247400000,0.035,0.050
Africa,Africa,Mauritania,2014,1370.8741500000,0.035,0.050
LATAM,Caribbean,Jamaica,2014,2914.4431520000,0.035,0.050
Africa,Africa,Ethiopia,2014,248.6944320000,0.035,0.050
EMEA,EMEA,Belarus,2014,4909.6213980000,0.035,0.050
Africa,Africa,Tunisia,2014,974.7551790000,0.035,0.050
EMEA,EMEA,Azerbaijan,2014,223.3076640000,0.035,0.050
EMEA,EMEA,Uzbekistan,2014,2436.9374895000,0.035,0.050
APAC,"Central Asia",Nepal,2014,1208.2155930000,0.035,0.050
APAC,"Central Asia","Sri Lanka",2014,630.1760790000,0.035,0.050
EMEA,EMEA,Croatia,2014,498.6181200000,0.035,0.050
Africa,Africa,Niger,2014,3164.1601335000,0.035,0.050
LATAM,South,Paraguay,2014,1037.9088152250,0.035,0.050
Africa,Africa,Uganda,2014,156.8341502600,0.035,0.050
Africa,Africa,Benin,2014,1589.1237840000,0.035,0.050
EMEA,EMEA,Moldova,2014,3.8805600000,0.035,0.050
EMEA,EMEA,Yemen,2014,162.9051630800,0.035,0.050
LATAM,South,Ecuador,2014,3662.7518926500,0.035,0.050
APAC,"North Asia",Taiwan,2014,751.5415950000,0.035,0.050
APAC,"Central Asia",Afghanistan,2014,4419.1355850000,0.035,0.050
EMEA,EMEA,Bahrain,2014,604.6295550000,0.035,0.050
EMEA,EMEA,Qatar,2014,22.3387500000,0.035,0.050
EMEA,EMEA,"United Arab Emirates",2014,234.7542315000,0.035,0.050
LATAM,Caribbean,Martinique,2014,1365.8533965000,0.035,0.050
EMEA,EMEA,Slovenia,2014,134.8408380000,0.035,0.050
Africa,Africa,"Equatorial Guinea",2014,131.5517010000,0.035,0.050
Africa,Africa,Guinea-Bissau,2014,83.6361240000,0.035,0.050
LATAM,Caribbean,Guadeloupe,2014,389.3646860000,0.035,0.050
Africa,Africa,Lesotho,2014,3446.7153300000,0.035,0.050
Africa,Africa,Namibia,2014,48.6471150000,0.035,0.050
Africa,Africa,Liberia,2014,897.6603675000,0.035,0.050
Africa,Africa,Gabon,2014,25.2236400000,0.035,0.050
Africa,Africa,Rwanda,2014,862.0907100000,0.035,0.050
EMEA,EMEA,Slovakia,2014,92.9173080000,0.035,0.050
Africa,Africa,Swaziland,2014,73.5375630000,0.035,0.050
EMEA,EMEA,Romania,2015,8955.3194865000,0.035,0.050
Africa,Africa,Nigeria,2015,10401.9147921850,0.040,0.055
Africa,Africa,Egypt,2015,22623.3495570000,0.045,0.060
Africa,Africa,Tanzania,2015,10738.3194270300,0.040,0.055
EU,North,"United Kingdom",2015,146281.0602921300,0.055,0.070
APAC,"Southeast Asia",Indonesia,2015,116046.5566397650,0.055,0.070
EU,Central,France,2015,223897.7275100600,0.060,0.075
EU,Central,Germany,2015,171020.5195184900,0.055,0.070
APAC,"Central Asia",India,2015,159095.6544886950,0.055,0.070
LATAM,Caribbean,"Dominican Republic",2015,30802.5228899400,0.045,0.060
EU,South,Italy,2015,81064.9669628100,0.050,0.065
APAC,Oceania,Australia,2015,236240.1609688450,0.060,0.075
US,West,"United States",2015,179897.5619283700,0.055,0.070
EU,Central,Belgium,2015,14981.8217940000,0.040,0.055
LATAM,Central,"El Salvador",2015,44859.1380178500,0.045,0.060
APAC,"Southeast Asia",Malaysia,2015,19119.3121860000,0.040,0.055
US,South,"United States",2015,102308.9786796700,0.055,0.070
EU,Central,Netherlands,2015,18413.2681430800,0.040,0.055
US,Central,"United States",2015,96364.3014864400,0.050,0.065
LATAM,Central,Honduras,2015,21142.6770365350,0.045,0.060
APAC,"North Asia",China,2015,157301.9230475850,0.055,0.070
LATAM,Central,Panama,2015,15608.6589497850,0.040,0.055
US,East,"United States",2015,177021.4940150400,0.055,0.070
APAC,"Southeast Asia",Vietnam,2015,10641.6283136000,0.040,0.055
EU,South,Spain,2015,76959.1134487250,0.050,0.065
LATAM,Central,Nicaragua,2015,38911.8710304700,0.045,0.060
LATAM,South,Brazil,2015,101128.0221139400,0.055,0.070
EU,North,Sweden,2015,10647.7166696400,0.040,0.055
LATAM,South,Colombia,2015,22122.8818346250,0.045,0.060
LATAM,North,Mexico,2015,151436.9678482200,0.055,0.070
Africa,Africa,Mozambique,2015,5517.9527415000,0.035,0.050
EMEA,EMEA,"Saudi Arabia",2015,26416.5442545000,0.045,0.060
EMEA,EMEA,Ukraine,2015,21946.9157115000,0.045,0.060
EMEA,EMEA,Iran,2015,28937.8896405000,0.045,0.060
APAC,"Southeast Asia",Philippines,2015,50439.8138669050,0.050,0.065
APAC,"Southeast Asia","Myanmar (Burma)",2015,10729.4305238900,0.040,0.055
LATAM,South,Argentina,2015,20419.1715053800,0.045,0.060
EU,Central,Austria,2015,19580.2425345000,0.040,0.055
LATAM,South,Chile,2015,6187.7727596750,0.035,0.050
APAC,Oceania,"New Zealand",2015,38631.8819825450,0.045,0.060
EMEA,EMEA,Turkey,2015,24313.2079061100,0.045,0.060
Africa,Africa,"Cote d'Ivoire",2015,9231.9643620000,0.035,0.050
APAC,"Central Asia",Pakistan,2015,15283.8208405200,0.040,0.055
LATAM,South,Venezuela,2015,8745.8223609600,0.035,0.050
Africa,Africa,Uganda,2015,527.0475005000,0.035,0.050
Canada,Canada,Canada,2015,15782.9652240000,0.040,0.055
Africa,Africa,"South Africa",2015,25684.6114845000,0.045,0.060
EMEA,EMEA,Bulgaria,2015,3484.4429310000,0.035,0.050
Africa,Africa,Cameroon,2015,3845.1873570000,0.035,0.050
EMEA,EMEA,Poland,2015,12638.5554945000,0.040,0.055
Africa,Africa,Madagascar,2015,3079.0613955000,0.035,0.050
LATAM,Central,Guatemala,2015,35968.8058387000,0.045,0.060
EMEA,EMEA,Kazakhstan,2015,1529.5659192200,0.035,0.050
Africa,Africa,Mauritania,2015,2256.1952880000,0.035,0.050
EMEA,EMEA,Georgia,2015,1322.0266980000,0.035,0.050
Africa,Africa,Mali,2015,1880.6287065000,0.035,0.050
LATAM,Caribbean,Cuba,2015,41957.8288647750,0.045,0.060
LATAM,South,Bolivia,2015,1747.8960130000,0.035,0.050
LATAM,Caribbean,Jamaica,2015,329.3166670000,0.035,0.050
EU,North,Ireland,2015,5049.0766148600,0.035,0.050
EU,North,Denmark,2015,1478.9274983400,0.035,0.050
EU,South,Portugal,2015,1637.4103920000,0.035,0.050
Africa,Africa,"Democratic Republic of the Congo",2015,20598.2698920000,0.045,0.060
Africa,Africa,Senegal,2015,9868.5952755000,0.035,0.050
EMEA,EMEA,Iraq,2015,15027.3454365000,0.040,0.055
Africa,Africa,Niger,2015,1173.4711950000,0.035,0.050
EMEA,EMEA,Moldova,2015,2088.4857990000,0.035,0.050
Africa,Africa,Zambia,2015,3577.3241580000,0.035,0.050
Africa,Africa,Angola,2015,6632.5191960000,0.035,0.050
EMEA,EMEA,Russia,2015,22684.6432395000,0.045,0.060
APAC,"Central Asia",Bangladesh,2015,11720.7664650000,0.040,0.055
Africa,Africa,"Central African Republic",2015,1067.3614800000,0.035,0.050
Africa,Africa,Morocco,2015,29394.9411690000,0.045,0.060
EMEA,EMEA,Kyrgyzstan,2015,1082.4646755000,0.035,0.050
Africa,Africa,Guinea,2015,736.4925450000,0.035,0.050
LATAM,South,Peru,2015,3726.6290079650,0.035,0.050
APAC,"Southeast Asia",Thailand,2015,19470.5406520650,0.040,0.055
APAC,"North Asia","South Korea",2015,8198.6717168500,0.035,0.050
LATAM,South,Ecuador,2015,3955.8784721750,0.035,0.050
LATAM,Caribbean,Haiti,2015,3221.2240681650,0.035,0.050
EU,North,Norway,2015,10855.8834465000,0.040,0.055
APAC,"North Asia",Japan,2015,26619.8058839050,0.045,0.060
EMEA,EMEA,Lithuania,2015,1160.4811778600,0.035,0.050
EMEA,EMEA,"Czech Republic",2015,2944.7455680000,0.035,0.050
Africa,Africa,"Republic of the Congo",2015,334.5560685000,0.035,0.050
Africa,Africa,Ghana,2015,8406.1964295000,0.035,0.050
Africa,Africa,Somalia,2015,4624.3808910000,0.035,0.050
EMEA,EMEA,Israel,2015,1138.0875000000,0.035,0.050
Africa,Africa,Algeria,2015,8178.8394105000,0.035,0.050
EMEA,EMEA,Croatia,2015,2138.7443490000,0.035,0.050
Africa,Africa,Zimbabwe,2015,1263.9341094000,0.035,0.050
APAC,Oceania,"Papua New Guinea",2015,130.7482219800,0.035,0.050
EMEA,EMEA,Turkmenistan,2015,340.2347394000,0.035,0.050
Africa,Africa,Togo,2015,1856.5775760000,0.035,0.050
EMEA,EMEA,Tajikistan,2015,218.8049329000,0.035,0.050
EMEA,EMEA,Hungary,2015,7420.5809115000,0.035,0.050
Africa,Africa,Libya,2015,1433.9649105000,0.035,0.050
LATAM,South,Paraguay,2015,1228.0634550000,0.035,0.050
Africa,Africa,Liberia,2015,1296.8594400000,0.035,0.050
EU,North,Finland,2015,1024.5758730000,0.035,0.050
EMEA,EMEA,Syria,2015,1544.1114672400,0.035,0.050
EMEA,EMEA,Belarus,2015,3865.0008885000,0.035,0.050
EMEA,EMEA,Estonia,2015,179.1052560000,0.035,0.050
EMEA,EMEA,Austria,2015,4076.8681830000,0.035,0.050
EMEA,EMEA,Uzbekistan,2015,3560.3974035000,0.035,0.050
EU,Central,Switzerland,2015,6612.7384605000,0.035,0.050
LATAM,Caribbean,"Trinidad and Tobago",2015,1912.8383561000,0.035,0.050
Africa,Africa,Benin,2015,1483.3470180000,0.035,0.050
Africa,Africa,Ethiopia,2015,121.2229380000,0.035,0.050
Africa,Africa,Sudan,2015,8492.3875065000,0.035,0.050
APAC,"Central Asia",Afghanistan,2015,4853.2312665000,0.035,0.050
Africa,Africa,Kenya,2015,4583.0105085000,0.035,0.050
LATAM,Caribbean,Martinique,2015,2669.1450920000,0.035,0.050
APAC,"Southeast Asia",Cambodia,2015,7361.6041470000,0.035,0.050
APAC,"Southeast Asia",Singapore,2015,3088.5605835000,0.035,0.050
EMEA,EMEA,Mongolia,2015,1080.4649910000,0.035,0.050
EMEA,EMEA,Macedonia,2015,128.1436200000,0.035,0.050
LATAM,Caribbean,Barbados,2015,3391.6751120000,0.035,0.050
Africa,Africa,Namibia,2015,2118.9477630000,0.035,0.050
Africa,Africa,Rwanda,2015,955.3131345000,0.035,0.050
Africa,Africa,"Sierra Leone",2015,440.5074030000,0.035,0.050
Africa,Africa,Tunisia,2015,87.9068220000,0.035,0.050
EMEA,EMEA,Azerbaijan,2015,1451.6023320000,0.035,0.050
EMEA,EMEA,Montenegro,2015,3632.3723700000,0.035,0.050
EMEA,EMEA,Jordan,2015,3323.3736015000,0.035,0.050
EMEA,EMEA,"Bosnia and Herzegovina",2015,293.8164600000,0.035,0.050
EMEA,EMEA,Qatar,2015,4324.4326215000,0.035,0.050
APAC,"Central Asia","Sri Lanka",2015,46.6168560000,0.035,0.050
APAC,"Central Asia",Nepal,2015,1049.6825895000,0.035,0.050
EMEA,EMEA,Slovenia,2015,1190.5549020000,0.035,0.050
EMEA,EMEA,Yemen,2015,404.6285993500,0.035,0.050
EMEA,EMEA,Lebanon,2015,467.0585925000,0.035,0.050
LATAM,South,Uruguay,2015,7451.8619545000,0.035,0.050
Africa,Africa,Gabon,2015,313.9335000000,0.035,0.050
EMEA,EMEA,"United Arab Emirates",2015,284.1896851500,0.035,0.050
Africa,Africa,Guinea-Bissau,2015,1718.2898955000,0.035,0.050
APAC,"North Asia","Hong Kong",2015,2049.7795740000,0.035,0.050
Africa,Africa,"South Sudan",2015,343.2126750000,0.035,0.050
